Precision,Recall,mAP50,mAP50-95
0.8748740127699524,0.7600014614051247,0.8501891421674765,0.5603317353123444
